<?xml version="1.0" encoding="UTF-8"?>
<project-private xmlns="http://www.netbeans.org/ns/project-private/1">
    <editor-bookmarks xmlns="http://www.netbeans.org/ns/editor-bookmarks/2" lastBookmarkId="0"/>
    <open-files xmlns="http://www.netbeans.org/ns/projectui-open-files/2">
        <group>
            <file>file:/C:/Users/Fengj/MPLABXProjects/feng0084_lab5_V001.X/feng0084_lab5_main_v001.c</file>
            <file>file:/C:/Users/Fengj/Desktop/feng_lab2b_v001.X/feng_lab2b_asmLib_v001.s</file>
        </group>
    </open-files>
</project-private>
